Customer_ID,First_Name,Last_Name,City,State,Country,Postal_Code,Region
AB-10015,Aaron,Bergman,Seattle,Washington,United States,98103,West
AH-10030,Aaron,Hawkins,Gulfport,Mississippi,United States,39503,South
AS-10045,Aaron,Smayling,New York City,New York,United States,10035,East
AB-10060,Adam,Bellavance,Seattle,Washington,United States,98105,West
AH-10075,Adam,Hart,Chester,Pennsylvania,United States,19013,East
AS-10090,Adam,Shillingsburg,San Diego,California,United States,92037,West
AB-10105,Adrian,Barton,Henderson,Kentucky,United States,42420,South
AH-10120,Adrian,Hane,Tucson,Arizona,United States,85705,West
AS-10135,Adrian,Shami,Auburn,Washington,United States,98002,West
AB-10150,Aimee,Bixby,Yonkers,New York,United States,10701,East
AB-10165,Alan,Barnes,Bellevue,Washington,United States,98006,West
AD-10180,Alan,Dominguez,Fairfield,Connecticut,United States,6824,East
AH-10195,Alan,Haines,Tamarac,Florida,United States,33319,South
AH-10210,Alan,Hwang,Nashville,Tennessee,United States,37211,South
AS-10225,Alan,Schoenberger,New York City,New York,United States,10024,East
AS-10240,Alan,Shonely,Redondo Beach,California,United States,90278,West
AB-10255,Alejandro,Ballentine,Lorain,Ohio,United States,44052,East
AG-10270,Alejandro,Grove,West Jordan,Utah,United States,84084,West
AS-10285,Alejandro,Savely,San Francisco,California,United States,94109,West
AG-10300,Aleksandra,Gannaway,Franklin,Massachusetts,United States,2038,East
AA-10315,Alex,Avila,San Francisco,California,United States,94122,West
AG-10330,Alex,Grayson,Mesa,Arizona,United States,85204,West
AR-10345,Alex,Russell,Houston,Texas,United States,77070,Central
AM-10360,Alice,McCarthy,Grand Prairie,Texas,United States,75051,Central
AA-10375,Allen,Armold,Los Angeles,California,United States,90008,West
AG-10390,Allen,Goldenen,Los Angeles,California,United States,90004,West
AR-10405,Allen,Rosenblatt,Trenton,Michigan,United States,48183,Central
AC-10420,Alyssa,Crouse,San Francisco,California,United States,94122,West
AT-10435,Alyssa,Tate,Los Angeles,California,United States,90004,West
Co-12640,Aman,Corey-Loc,Lawton,Oklahoma,United States,73505,Central
AC-10450,Amy,Cox,Minneapolis,Minnesota,United States,55407,Central
AH-10465,Amy,Hunt,Decatur,Alabama,United States,35601,South
AA-10480,Andrew,Allen,Springfield,Missouri,United States,65807,Central
AG-10495,Andrew,Gjertsen,Philadelphia,Pennsylvania,United States,19140,East
AR-10510,Andrew,Roberts,Tulsa,Oklahoma,United States,74133,Central
AG-10525,Andy,Gerbode,Saint Petersburg,Florida,United States,33710,South
AR-10540,Andy,Reiter,New York City,New York,United States,10024,East
AY-10555,Andy,Yotov,Philadelphia,Pennsylvania,United States,19140,East
AR-10570,Anemone,Ratner,Columbus,Georgia,United States,31907,South
AH-10585,Angele,Hood,Chicago,Illinois,United States,60623,Central
AB-10600,Ann,Blume,Los Angeles,California,United States,90004,West
AC-10615,Ann,Chong,Seattle,Washington,United States,98115,West
AS-10630,Ann,Steele,Louisville,Kentucky,United States,40214,South
AA-10645,Anna,Andreadi,San Diego,California,United States,92105,West
AC-10660,Anna,Chung,San Francisco,California,United States,94109,West
AG-10675,Anna,Gayman,Salem,Virginia,United States,24153,South
AH-10690,Anna,Häberlin,Virginia Beach,Virginia,United States,23464,South
AM-10705,Anne,McFarland,Salem,Virginia,United States,24153,South
AP-10720,Anne,Pryor,Philadelphia,Pennsylvania,United States,19140,East
AT-10735,Annie,Thurman,Nashville,Tennessee,United States,37211,South
AZ-10750,Annie,Zypern,New York City,New York,United States,10009,East
AG-10765,Anthony,Garverick,Hampton,Virginia,United States,23666,South
AJ-10780,Anthony,Jacobs,Springfield,Virginia,United States,22153,South
AJ-10795,Anthony,Johnson,Seattle,Washington,United States,98115,West
AO-10810,Anthony,O'Donnell,Los Angeles,California,United States,90045,West
AR-10825,Anthony,Rawles,Concord,California,United States,94521,West
AW-10840,Anthony,Witt,Allen,Texas,United States,75002,Central
AI-10855,Arianne,Irving,Chesapeake,Virginia,United States,23320,South
AF-10870,Art,Ferguson,San Clemente,California,United States,92672,West
AF-10885,Art,Foster,Toledo,Ohio,United States,43615,East
AG-10900,Arthur,Gainer,Philadelphia,Pennsylvania,United States,19134,East
AP-10915,Arthur,Prichep,Los Angeles,California,United States,90045,West
AW-10930,Arthur,Wiediger,Aurora,Illinois,United States,60505,Central
AJ-10945,Ashley,Jarboe,San Francisco,California,United States,94110,West
AJ-10960,Astrea,Jones,San Diego,California,United States,92037,West
BF-10975,Barbara,Fisher,Roswell,Georgia,United States,30076,South
BB-10990,Barry,Blumstein,San Antonio,Texas,United States,78207,Central
BF-11005,Barry,Franz,Aurora,Colorado,United States,80013,West
BF-11020,Barry,Französisch,Aurora,Illinois,United States,60505,Central
BG-11035,Barry,Gonzalez,Nashville,Tennessee,United States,37211,South
BP-11050,Barry,Pond,Chicago,Illinois,United States,60623,Central
BW-11065,Barry,Weirich,Raleigh,North Carolina,United States,27604,South
BF-11080,Bart,Folk,New York City,New York,United States,10024,East
BP-11095,Bart,Pistole,Lawrence,Massachusetts,United States,1841,East
BW-11110,Bart,Watters,Greensboro,North Carolina,United States,27405,South
BC-11125,Becky,Castell,Philadelphia,Pennsylvania,United States,19134,East
BM-11140,Becky,Martin,Des Moines,Washington,United States,98198,West
BP-11155,Becky,Pak,Paterson,New Jersey,United States,7501,East
BF-11170,Ben,Ferrer,Dallas,Texas,United States,75081,Central
BP-11185,Ben,Peterman,Seattle,Washington,United States,98103,West
BW-11200,Ben,Wallace,Los Angeles,California,United States,90032,West
BF-11215,Benjamin,Farhat,New York City,New York,United States,10035,East
BP-11230,Benjamin,Patterson,Los Angeles,California,United States,90045,West
BV-11245,Benjamin,Venier,Des Moines,Iowa,United States,50315,Central
BK-11260,Berenike,Kampe,New York City,New York,United States,10035,East
BF-11275,Beth,Fritzler,Tucson,Arizona,United States,85705,West
BP-11290,Beth,Paige,Concord,North Carolina,United States,28027,South
BT-11305,Beth,Thompson,Costa Mesa,California,United States,92627,West
BD-11320,Bill,Donatelli,San Diego,California,United States,92024,West
BE-11335,Bill,Eplett,New York City,New York,United States,10009,East
BO-11350,Bill,Overfelt,Los Angeles,California,United States,90045,West
BS-11365,Bill,Shonely,Seattle,Washington,United States,98105,West
BS-11380,Bill,Stewart,San Francisco,California,United States,94122,West
BT-11395,Bill,Tyler,Los Angeles,California,United States,90036,West
BE-11410,Bobby,Elias,Appleton,Wisconsin,United States,54915,Central
BO-11425,Bobby,Odegard,New York City,New York,United States,10024,East
BT-11440,Bobby,Trafton,Frankfort,Illinois,United States,60423,Central
BE-11455,Brad,Eason,Lorain,Ohio,United States,44052,East
BN-11470,Brad,Norvell,Philadelphia,Pennsylvania,United States,19143,East
BT-11485,Brad,Thomas,Philadelphia,Pennsylvania,United States,19140,East
BD-11500,Bradley,Drucker,Green Bay,Wisconsin,United States,54302,Central
BN-11515,Bradley,Nguyen,Lakeville,Minnesota,United States,55044,Central
BT-11530,Bradley,Talbott,Los Angeles,California,United States,90036,West
BB-11545,Brenda,Bowman,Chicago,Illinois,United States,60623,Central
BD-11560,Brendan,Dodson,Fresno,California,United States,93727,West
BM-11575,Brendan,Murry,Chicago,Illinois,United States,60653,Central
BS-11590,Brendan,Sweed,Louisville,Kentucky,United States,40214,South
BD-11605,Brian,Dahlen,Lawrence,Massachusetts,United States,1841,East
BD-11620,Brian,DeCherney,New York City,New York,United States,10035,East
BD-11635,Brian,Derr,New York City,New York,United States,10009,East
BM-11650,Brian,Moss,Omaha,Nebraska,United States,68104,Central
BS-11665,Brian,Stugart,San Diego,California,United States,92105,West
BT-11680,Brian,Thompson,Houston,Texas,United States,77036,Central
BG-11695,Brooke,Gillingham,Watertown,New York,United States,13601,East
BH-11710,Brosina,Hoffman,Hialeah,Florida,United States,33012,South
BD-11725,Bruce,Degenhardt,Lafayette,Louisiana,United States,70506,South
BG-11740,Bruce,Geld,Bakersfield,California,United States,93309,West
BS-11755,Bruce,Stewart,Philadelphia,Pennsylvania,United States,19143,East
BD-11770,Bryan,Davis,Houston,Texas,United States,77070,Central
BM-11785,Bryan,Mills,Columbus,Ohio,United States,43229,East
BS-11800,Bryan,Spruell,San Diego,California,United States,92037,West
CM-11815,Candace,McMahon,San Francisco,California,United States,94109,West
CS-11845,Cari,Sayre,Chicago,Illinois,United States,60623,Central
CS-11860,Cari,Schnelling,New York City,New York,United States,10011,East
CJ-11875,Carl,Jackson,Philadelphia,Pennsylvania,United States,19140,East
CL-11890,Carl,Ludwig,Chicago,Illinois,United States,60623,Central
CW-11905,Carl,Weiss,Huntsville,Texas,United States,77340,Central
CD-11920,Carlos,Daly,Oceanside,California,United States,92054,West
CM-11935,Carlos,Meador,Fayetteville,North Carolina,United States,28314,South
CS-11950,Carlos,Soltero,New York City,New York,United States,10024,East
CA-11965,Carol,Adams,Lakewood,Ohio,United States,44107,East
CD-11980,Carol,Darley,Medford,Oregon,United States,97504,West
CT-11995,Carol,Triggs,Los Angeles,California,United States,90004,West
CJ-12010,Caroline,Jumper,Jacksonville,Florida,United States,32216,South
CB-12025,Cassandra,Brandow,San Francisco,California,United States,94110,West
CG-12040,Catherine,Glotzbach,Los Angeles,California,United States,90045,West
CA-12055,Cathy,Armstrong,Los Angeles,California,United States,90036,West
CH-12070,Cathy,Hwang,Detroit,Michigan,United States,48227,Central
CP-12085,Cathy,Prescott,Tucson,Arizona,United States,85705,West
CC-12100,Chad,Cunningham,Columbus,Indiana,United States,47201,Central
CM-12115,Chad,McGuire,New York City,New York,United States,10024,East
CS-12130,Chad,Sievert,Englewood,Colorado,United States,80112,West
CC-12145,Charles,Crestani,El Paso,Texas,United States,79907,Central
CM-12160,Charles,McCrossin,Brownsville,Texas,United States,78521,Central
CS-12175,Charles,Sheldon,Lakewood,New Jersey,United States,8701,East
CM-12190,Charlotte,Melton,San Diego,California,United States,92105,West
CK-12205,Chloris,Kastensmidt,Columbus,Ohio,United States,43229,East
CC-12220,Chris,Cortes,La Porte,Indiana,United States,46350,Central
CM-12235,Chris,McAfee,Milwaukee,Wisconsin,United States,53209,Central
CS-12250,Chris,Selesnick,Los Angeles,California,United States,90032,West
CA-12265,Christina,Anderson,Provo,Utah,United States,84604,West
CD-12280,Christina,DeMoss,New York City,New York,United States,10024,East
CV-12295,Christina,VanderZanden,Des Moines,Iowa,United States,50315,Central
CA-12310,Christine,Abelman,Bristol,Connecticut,United States,6010,East
CK-12325,Christine,Kargatis,Hot Springs,Arkansas,United States,71901,South
CP-12340,Christine,Phan,Waterbury,Connecticut,United States,6708,East
CS-12355,Christine,Sundaresam,Roswell,Georgia,United States,30076,South
CC-12370,Christopher,Conant,Los Angeles,California,United States,90045,West
CM-12385,Christopher,Martinez,Chicago,Illinois,United States,60610,Central
CS-12400,Christopher,Schild,Seattle,Washington,United States,98115,West
CB-12415,Christy,Brittain,Lakewood,Ohio,United States,44107,East
CC-12430,Chuck,Clark,San Francisco,California,United States,94122,West
CM-12445,Chuck,Magee,San Francisco,California,United States,94122,West
CS-12460,Chuck,Sachs,Columbus,Georgia,United States,31907,South
CC-12475,Cindy,Chapman,New York City,New York,United States,10024,East
CS-12490,Cindy,Schnelling,Conroe,Texas,United States,77301,Central
CS-12505,Cindy,Stewart,Lancaster,Ohio,United States,43130,East
CG-12520,Claire,Gute,Houston,Texas,United States,77070,Central
CB-12535,Claudia,Bergmann,Franklin,Massachusetts,United States,2038,East
CC-12550,Clay,Cheatham,Plano,Texas,United States,75023,Central
CL-12565,Clay,Ludtke,Columbia,South Carolina,United States,29203,South
CR-12580,Clay,Rozendal,Bellevue,Washington,United States,98006,West
CK-12595,Clytie,Kelty,Los Angeles,California,United States,90032,West
CC-12610,Corey,Catlett,Columbus,Ohio,United States,43229,East
CR-12625,Corey,Roper,Grand Rapids,Michigan,United States,49505,Central
CM-12655,Corinna,Mitchell,New York City,New York,United States,10011,East
CC-12670,Craig,Carreira,Seattle,Washington,United States,98103,West
CC-12685,Craig,Carroll,New York City,New York,United States,10011,East
CL-12700,Craig,Leslie,Aurora,Colorado,United States,80013,West
CM-12715,Craig,Molinari,Seattle,Washington,United States,98103,West
CR-12730,Craig,Reiter,Columbus,Ohio,United States,43229,East
CY-12745,Craig,Yedwab,San Antonio,Texas,United States,78207,Central
CK-12760,Cyma,Kinney,Glendale,Arizona,United States,85301,West
CA-12775,Cynthia,Arntzen,Tampa,Florida,United States,33614,South
CD-12790,Cynthia,Delaney,San Diego,California,United States,92037,West
CV-12805,Cynthia,Voltz,Fort Worth,Texas,United States,76106,Central
CR-12820,Cyra,Reiten,New York City,New York,United States,10035,East
DK-12835,Damala,Kotsonis,Philadelphia,Pennsylvania,United States,19143,East
DC-12850,Dan,Campbell,Houston,Texas,United States,77036,Central
DL-12865,Dan,Lawera,Cincinnati,Ohio,United States,45231,East
DR-12880,Dan,Reichenbach,Chicago,Illinois,United States,60623,Central
DK-12895,Dana,Kaydos,Rockford,Illinois,United States,61107,Central
DB-12910,Daniel,Byrd,Tampa,Florida,United States,33614,South
DL-12925,Daniel,Lacy,Eagan,Minnesota,United States,55122,Central
DR-12940,Daniel,Raglin,Hollywood,Florida,United States,33021,South
DM-12955,Dario,Medina,Fairfield,Ohio,United States,45014,East
DB-12970,Darren,Budd,New York City,New York,United States,10035,East
DK-12985,Darren,Koutras,Chicago,Illinois,United States,60610,Central
DP-13000,Darren,Powers,New York City,New York,United States,10035,East
DM-13015,Darrin,Martin,San Antonio,Texas,United States,78207,Central
DS-13030,Darrin,Sayre,San Francisco,California,United States,94122,West
DV-13045,Darrin,Van Huff,Jacksonville,Florida,United States,32216,South
DB-13060,Dave,Brooks,Columbia,Tennessee,United States,38401,South
DH-13075,Dave,Hallsten,Los Angeles,California,United States,90045,West
DK-13090,Dave,Kipp,Seattle,Washington,United States,98103,West
DP-13105,Dave,Poirier,Meridian,Idaho,United States,83642,West
DB-13120,David,Bremer,Rochester,New York,United States,14609,East
DF-13135,David,Flashing,New York City,New York,United States,10009,East
DK-13150,David,Kendrick,New York City,New York,United States,10009,East
DP-13165,David,Philippe,New York City,New York,United States,10035,East
DS-13180,David,Smith,Houston,Texas,United States,77095,Central
DW-13195,David,Wiener,Los Angeles,California,United States,90045,West
DB-13210,Dean,Braden,Paterson,New Jersey,United States,7501,East
DK-13225,Dean,Katz,Chicago,Illinois,United States,60653,Central
Dp-13240,Dean,percer,Waterbury,Connecticut,United States,6708,East
DE-13255,Deanra,Eno,Dubuque,Iowa,United States,52001,Central
DB-13270,Deborah,Brumfield,San Diego,California,United States,92024,West
DC-13285,Debra,Catini,Warner Robins,Georgia,United States,31088,South
DG-13300,Deirdre,Greer,New York City,New York,United States,10035,East
DL-13315,Delfina,Latchford,Atlanta,Georgia,United States,30318,South
DL-13330,Denise,Leinenbach,New York City,New York,United States,10009,East
DM-13345,Denise,Monton,San Francisco,California,United States,94109,West
DB-13360,Dennis,Bolton,Waterbury,Connecticut,United States,6708,East
DK-13375,Dennis,Kane,Marion,Ohio,United States,43302,East
DP-13390,Dennis,Pardue,Columbia,Tennessee,United States,38401,South
DB-13405,Denny,Blanton,Lawrence,Massachusetts,United States,1841,East
DJ-13420,Denny,Joy,Milwaukee,Wisconsin,United States,53209,Central
DO-13435,Denny,Ordway,Pembroke Pines,Florida,United States,33024,South
DA-13450,Dianna,Arnett,Lancaster,Ohio,United States,43130,East
DV-13465,Dianna,Vittorini,Oceanside,New York,United States,11572,East
DW-13480,Dianna,Wilson,Louisville,Kentucky,United States,40214,South
DL-13495,Dionis,Lloyd,Thousand Oaks,California,United States,91360,West
DJ-13510,Don,Jones,Woonsocket,Rhode Island,United States,2895,East
DM-13525,Don,Miller,New York City,New York,United States,10035,East
DW-13540,Don,Weiss,Dallas,Texas,United States,75220,Central
DB-13555,Dorothy,Badders,Dublin,Ohio,United States,43017,East
DD-13570,Dorothy,Dickinson,Memphis,Tennessee,United States,38109,South
DW-13585,Dorothy,Wardle,Westfield,New Jersey,United States,7090,East
Dl-13600,Dorris,liebe,New York City,New York,United States,10035,East
DB-13615,Doug,Bickford,Tucson,Arizona,United States,85705,West
DJ-13630,Doug,Jacobs,New York City,New York,United States,10009,East
DO-13645,Doug,O'Connell,Los Angeles,California,United States,90036,West
DB-13660,Duane,Benoit,Dallas,Texas,United States,75081,Central
DH-13675,Duane,Huffman,San Francisco,California,United States,94122,West
DN-13690,Duane,Noonan,Columbia,Maryland,United States,21044,East
EB-13705,Ed,Braxton,San Diego,California,United States,92105,West
EJ-13720,Ed,Jacobs,Philadelphia,Pennsylvania,United States,19143,East
EL-13735,Ed,Ludwig,Jefferson City,Missouri,United States,65109,Central
EB-13750,Edward,Becker,Seattle,Washington,United States,98103,West
EH-13765,Edward,Hooks,New York City,New York,United States,10011,East
EN-13780,Edward,Nazzal,Grand Rapids,Michigan,United States,49505,Central
EK-13795,Eileen,Kiefer,Chicago,Illinois,United States,60610,Central
EM-13810,Eleni,McCrary,Dover,New Hampshire,United States,3820,East
EM-13825,Elizabeth,Moffitt,Sioux Falls,South Dakota,United States,57103,Central
EB-13840,Ellis,Ballard,Chicago,Illinois,United States,60623,Central
ER-13855,Elpida,Rittenbach,Saint Paul,Minnesota,United States,55106,Central
EB-13870,Emily,Burns,Orem,Utah,United States,84057,West
ED-13885,Emily,Ducich,San Francisco,California,United States,94110,West
EG-13900,Emily,Grady,Chicago,Illinois,United States,60623,Central
EP-13915,Emily,Phan,Philadelphia,Pennsylvania,United States,19120,East
EB-13930,Eric,Barreto,Richmond,Virginia,United States,23223,South
EH-13945,Eric,Hoffmann,Plainfield,New Jersey,United States,7060,East
EM-13960,Eric,Murdock,Quincy,Illinois,United States,62301,Central
EB-13975,Erica,Bern,Los Angeles,California,United States,90049,West
EH-13990,Erica,Hackney,Meriden,Connecticut,United States,6450,East
EH-14005,Erica,Hernandez,Lansing,Michigan,United States,48911,Central
ES-14020,Erica,Smith,New York City,New York,United States,10035,East
EA-14035,Erin,Ashbrook,Charlotte,North Carolina,United States,28205,South
EC-14050,Erin,Creighton,San Francisco,California,United States,94110,West
EM-14065,Erin,Mull,Jacksonville,North Carolina,United States,28540,South
ES-14080,Erin,Smith,Melbourne,Florida,United States,32935,South
EM-14095,Eudokia,Martin,New York City,New York,United States,10024,East
EB-14110,Eugene,Barchas,Philadelphia,Pennsylvania,United States,19134,East
EH-14125,Eugene,Hildebrand,Wheeling,West Virginia,United States,26003,East
EM-14140,Eugene,Moren,Lehi,Utah,United States,84043,West
EJ-14155,Eva,Jacobs,Seattle,Washington,United States,98105,West
EB-14170,Evan,Bailliet,Charlotte,North Carolina,United States,28205,South
EH-14185,Evan,Henry,Pasadena,Texas,United States,77506,Central
EM-14200,Evan,Minnotte,Virginia Beach,Virginia,United States,23464,South
FM-14215,Filia,McAdams,Richmond,Kentucky,United States,40475,South
FA-14230,Frank,Atkinson,Denver,Colorado,United States,80219,West
FC-14245,Frank,Carlisle,Sacramento,California,United States,95823,West
FG-14260,Frank,Gastineau,New York City,New York,United States,10024,East
FH-14275,Frank,Hawley,New York City,New York,United States,10024,East
FM-14290,Frank,Merwin,Philadelphia,Pennsylvania,United States,19140,East
FO-14305,Frank,Olsen,Dallas,Texas,United States,75220,Central
FP-14320,Frank,Preis,Seattle,Washington,United States,98105,West
FC-14335,Fred,Chung,Chicago,Illinois,United States,60610,Central
FH-14350,Fred,Harton,Seattle,Washington,United States,98105,West
FH-14365,Fred,Hopkins,Long Beach,New York,United States,11561,East
FM-14380,Fred,McMath,Lawrence,Massachusetts,United States,1841,East
FW-14395,Fred,Wasserman,New York City,New York,United States,10011,East
GH-14410,Gary,Hansen,Yuma,Arizona,United States,85364,West
GH-14425,Gary,Hwang,Jacksonville,Florida,United States,32216,South
GM-14440,Gary,McGarr,New York City,New York,United States,10009,East
GM-14455,Gary,Mitchum,Concord,New Hampshire,United States,3301,East
GZ-14470,Gary,Zandusky,Columbia,Maryland,United States,21044,East
GH-14485,Gene,Hale,Richardson,Texas,United States,75080,Central
GM-14500,Gene,McClure,Bakersfield,California,United States,93309,West
GA-14515,George,Ashbrook,El Paso,Texas,United States,79907,Central
GB-14530,George,Bell,Auburn,New York,United States,13021,East
GZ-14545,George,Zrebassa,Lawrence,Massachusetts,United States,1841,East
GR-14560,Georgia,Rosenberg,San Francisco,California,United States,94110,West
GB-14575,Giulietta,Baptist,Philadelphia,Pennsylvania,United States,19134,East
GD-14590,Giulietta,Dortch,Everett,Washington,United States,98208,West
GW-14605,Giulietta,Weimer,Jackson,Tennessee,United States,38301,South
GK-14620,Grace,Kelly,Los Angeles,California,United States,90049,West
GT-14635,Grant,Thornton,Long Beach,New York,United States,11561,East
GG-14650,Greg,Guthrie,Columbus,Ohio,United States,43229,East
GH-14665,Greg,Hansen,Round Rock,Texas,United States,78664,Central
GM-14680,Greg,Matthias,New York City,New York,United States,10024,East
GM-14695,Greg,Maxwell,Los Angeles,California,United States,90036,West
GT-14710,Greg,Tran,New York City,New York,United States,10035,East
GA-14725,Guy,Armstrong,Salem,Oregon,United States,97301,West
GP-14740,Guy,Phonely,Leominster,Massachusetts,United States,1453,East
GT-14755,Guy,Thornton,Long Beach,California,United States,90805,West
HR-14770,Hallie,Redmond,Los Angeles,California,United States,90045,West
HD-14785,Harold,Dahlen,Chicago,Illinois,United States,60610,Central
HE-14800,Harold,Engle,Milwaukee,Wisconsin,United States,53209,Central
HP-14815,Harold,Pawlan,Fort Worth,Texas,United States,76106,Central
HR-14830,Harold,Ryan,Miami,Florida,United States,33178,South
HG-14845,Harry,Greene,Lake Charles,Louisiana,United States,70601,South
HM-14860,Harry,Marie,Philadelphia,Pennsylvania,United States,19120,East
HJ-14875,Heather,Jas,Jacksonville,Florida,United States,32216,South
HK-14890,Heather,Kirkland,Detroit,Michigan,United States,48234,Central
HA-14905,Helen,Abelman,New York City,New York,United States,10035,East
HA-14920,Helen,Andreada,Laredo,Texas,United States,78041,Central
HW-14935,Helen,Wasserman,Detroit,Michigan,United States,48205,Central
HZ-14950,Henia,Zydlo,Houston,Texas,United States,77095,Central
HG-14965,Henry,Goldwyn,Lancaster,Ohio,United States,43130,East
HM-14980,Henry,MacAllister,Burlington,North Carolina,United States,27217,South
HF-14995,Herbert,Flentye,Baltimore,Maryland,United States,21215,East
HH-15010,Hilary,Holden,San Francisco,California,United States,94110,West
HG-15025,Hunter,Glantz,Lakeville,Minnesota,United States,55044,Central
HL-15040,Hunter,Lopez,Milwaukee,Wisconsin,United States,53209,Central
IM-15055,Ionia,McGrath,Las Vegas,Nevada,United States,89115,West
IM-15070,Irene,Maddox,Florence,Alabama,United States,35630,South
IG-15085,Ivan,Gibson,Norwich,Connecticut,United States,6360,East
IL-15100,Ivan,Liston,San Francisco,California,United States,94122,West
JG-15115,Jack,Garza,Jacksonville,North Carolina,United States,28540,South
JL-15130,Jack,Lebron,Wilmington,North Carolina,United States,28403,South
JO-15145,Jack,O'Briant,Philadelphia,Pennsylvania,United States,19140,East
JG-15160,James,Galang,Los Angeles,California,United States,90049,West
JL-15175,James,Lanier,Chandler,Arizona,United States,85224,West
JF-15190,Jamie,Frazer,New York City,New York,United States,10024,East
JK-15205,Jamie,Kunitz,Hialeah,Florida,United States,33012,South
JW-15220,Jane,Waco,Lakewood,Ohio,United States,44107,East
JL-15235,Janet,Lee,Kissimmee,Florida,United States,34741,South
JM-15250,Janet,Martin,Charlotte,North Carolina,United States,28205,South
JM-15265,Janet,Molinari,Los Angeles,California,United States,90036,West
JO-15280,Jas,O'Carroll,Los Angeles,California,United States,90004,West
JF-15295,Jason,Fortune-,Plano,Texas,United States,75023,Central
JG-15310,Jason,Gross,Providence,Rhode Island,United States,2908,East
JK-15325,Jason,Klamczynski,Dallas,Texas,United States,75220,Central
JC-15340,Jasper,Cacioppo,Los Angeles,California,United States,90032,West
JF-15355,Jay,Fein,Baltimore,Maryland,United States,21215,East
JK-15370,Jay,Kimmel,Huntsville,Alabama,United States,35810,South
JC-15385,Jenna,Caffey,Kent,Washington,United States,98031,West
JB-15400,Jennifer,Braxton,Milwaukee,Wisconsin,United States,53209,Central
JF-15415,Jennifer,Ferguson,Seattle,Washington,United States,98105,West
JH-15430,Jennifer,Halladay,Medford,Oregon,United States,97504,West
JJ-15445,Jennifer,Jackson,Los Angeles,California,United States,90004,West
JP-15460,Jennifer,Patt,Houston,Texas,United States,77041,Central
JE-15475,Jeremy,Ellison,New York City,New York,United States,10024,East
JF-15490,Jeremy,Farry,New York City,New York,United States,10009,East
JL-15505,Jeremy,Lonsdale,Midland,Michigan,United States,48640,Central
JP-15520,Jeremy,Pistek,Madison,Wisconsin,United States,53711,Central
JM-15535,Jessica,Myrick,Philadelphia,Pennsylvania,United States,19143,East
JO-15550,Jesus,Ocampo,Omaha,Nebraska,United States,68104,Central
JF-15565,Jill,Fjeld,Dallas,Texas,United States,75081,Central
JM-15580,Jill,Matthias,Baltimore,Maryland,United States,21215,East
JS-15595,Jill,Stevenson,Miami,Florida,United States,33180,South
JE-15610,Jim,Epp,Los Angeles,California,United States,90049,West
JK-15625,Jim,Karlsson,Olympia,Washington,United States,98502,West
JK-15640,Jim,Kriz,New York City,New York,United States,10009,East
JM-15655,Jim,Mitchum,Los Angeles,California,United States,90032,West
JR-15670,Jim,Radford,Colorado Springs,Colorado,United States,80906,West
JS-15685,Jim,Sink,Los Angeles,California,United States,90036,West
JR-15700,Jocasta,Rupert,Jacksonville,Florida,United States,32216,South
JE-15715,Joe,Elijah,Broomfield,Colorado,United States,80020,West
JK-15730,Joe,Kamberova,Mobile,Alabama,United States,36608,South
JE-15745,Joel,Eaton,Louisville,Colorado,United States,80027,West
JJ-15760,Joel,Jenkins,Houston,Texas,United States,77036,Central
JC-15775,John,Castell,Seattle,Washington,United States,98115,West
JD-15790,John,Dryer,Coppell,Texas,United States,75019,Central
JG-15805,John,Grady,New York City,New York,United States,10024,East
JH-15820,John,Huston,Monroe,North Carolina,United States,28110,South
JL-15835,John,Lee,Mission Viejo,California,United States,92691,West
JL-15850,John,Lucas,New York City,New York,United States,10035,East
JM-15865,John,Murray,Akron,Ohio,United States,44312,East
JS-15880,John,Stevenson,Toledo,Ohio,United States,43615,East
JD-15895,Jonathan,Doherty,Los Angeles,California,United States,90036,West
JH-15910,Jonathan,Howell,Houston,Texas,United States,77070,Central
JB-15925,Joni,Blumstein,Austin,Texas,United States,78745,Central
JS-15940,Joni,Sundaresam,Garland,Texas,United States,75043,Central
JW-15955,Joni,Wasserman,Philadelphia,Pennsylvania,United States,19120,East
JA-15970,Joseph,Airdo,Philadelphia,Pennsylvania,United States,19134,East
JH-15985,Joseph,Holt,Saginaw,Michigan,United States,48601,Central
JB-16000,Joy,Bell-,Longview,Washington,United States,98632,West
JD-16015,Joy,Daniels,Toledo,Ohio,United States,43615,East
JS-16030,Joy,Smith,San Francisco,California,United States,94122,West
JB-16045,Julia,Barnett,Columbus,Georgia,United States,31907,South
JD-16060,Julia,Dunbar,Rochester,Minnesota,United States,55901,Central
JW-16075,Julia,West,Jacksonville,North Carolina,United States,28540,South
JK-16090,Juliana,Krohn,Springfield,Oregon,United States,97477,West
JC-16105,Julie,Creighton,Rochester,New York,United States,14609,East
JK-16120,Julie,Kriz,New York City,New York,United States,10009,East
JP-16135,Julie,Prescott,New York City,New York,United States,10011,East
JD-16150,Justin,Deggeller,Minneapolis,Minnesota,United States,55407,Central
JE-16165,Justin,Ellison,Woodland,California,United States,95695,West
JH-16180,Justin,Hirsh,Gresham,Oregon,United States,97030,West
JM-16195,Justin,MacKendrick,Louisville,Kentucky,United States,40214,South
JR-16210,Justin,Ritter,Springfield,Ohio,United States,45503,East
KM-16225,Kalyca,Meade,Baltimore,Maryland,United States,21215,East
KB-16240,Karen,Bern,Saint Cloud,Minnesota,United States,56301,Central
KC-16255,Karen,Carlisle,Huntsville,Alabama,United States,35810,South
KD-16270,Karen,Daniels,Los Angeles,California,United States,90032,West
KF-16285,Karen,Ferguson,San Diego,California,United States,92105,West
KS-16300,Karen,Seio,Lehi,Utah,United States,84043,West
KB-16315,Karl,Braun,Minneapolis,Minnesota,United States,55407,Central
KH-16330,Katharine,Harms,Revere,Massachusetts,United States,2151,East
KD-16345,Katherine,Ducich,Los Angeles,California,United States,90049,West
KH-16360,Katherine,Hughes,Chicago,Illinois,United States,60623,Central
KM-16375,Katherine,Murray,Salem,Virginia,United States,24153,South
KN-16390,Katherine,Nockton,New York City,New York,United States,10011,East
KB-16405,Katrina,Bavinger,Apple Valley,California,United States,92307,West
KE-16420,Katrina,Edelman,Aurora,Colorado,United States,80013,West
KW-16435,Katrina,Willman,New York City,New York,United States,10009,East
KN-16450,Kean,Nguyen,Baltimore,Maryland,United States,21215,East
KT-16465,Kean,Takahito,Los Angeles,California,United States,90049,West
KT-16480,Kean,Thornton,Denver,Colorado,United States,80219,West
KD-16495,Keith,Dawkins,New York City,New York,United States,10024,East
KH-16510,Keith,Herrera,San Francisco,California,United States,94110,West
KA-16525,Kelly,Andreada,San Diego,California,United States,92037,West
KC-16540,Kelly,Collister,Newark,Ohio,United States,43055,East
KL-16555,Kelly,Lampkin,Fayetteville,Arkansas,United States,72701,South
KW-16570,Kelly,Williams,Monroe,Louisiana,United States,71203,South
KB-16585,Ken,Black,San Francisco,California,United States,94110,West
KB-16600,Ken,Brennan,Houston,Texas,United States,77041,Central
KD-16615,Ken,Dana,Scottsdale,Arizona,United States,85254,West
KH-16630,Ken,Heidel,Houston,Texas,United States,77070,Central
KL-16645,Ken,Lonsdale,Chicago,Illinois,United States,60623,Central
KM-16660,Khloe,Miller,San Jose,California,United States,95123,West
KC-16675,Kimberly,Carter,Tallahassee,Florida,United States,32303,South
KH-16690,Kristen,Hastings,Los Angeles,California,United States,90008,West
KN-16705,Kristina,Nunn,Auburn,Alabama,United States,36830,South
KM-16720,Kunst,Miller,Lowell,Massachusetts,United States,1852,East
LB-16735,Larry,Blacks,Los Angeles,California,United States,90032,West
LH-16750,Larry,Hughes,Charlotte,North Carolina,United States,28205,South
LT-16765,Larry,Tron,Escondido,California,United States,92025,West
LA-16780,Laura,Armstrong,Taylor,Michigan,United States,48180,Central
LB-16795,Laurel,Beltran,Wilmington,Delaware,United States,19805,East
LE-16810,Laurel,Elliston,Chicago,Illinois,United States,60653,Central
LW-16825,Laurel,Workman,Deltona,Florida,United States,32725,South
LL-16840,Lauren,Leatherbury,Waynesboro,Virginia,United States,22980,South
LD-16855,Lela,Donovan,Chicago,Illinois,United States,60653,Central
LC-16870,Lena,Cacioppo,Chicago,Illinois,United States,60653,Central
LC-16885,Lena,Creighton,San Francisco,California,United States,94109,West
LH-16900,Lena,Hernandez,Greenville,North Carolina,United States,27834,South
LR-16915,Lena,Radford,Los Angeles,California,United States,90045,West
LC-16930,Linda,Cazamias,Richmond,Indiana,United States,47374,Central
LS-16945,Linda,Southworth,San Francisco,California,United States,94110,West
LC-16960,Lindsay,Castell,Tampa,Florida,United States,33614,South
LS-16975,Lindsay,Shagiari,Omaha,Nebraska,United States,68104,Central
LW-16990,Lindsay,Williams,San Francisco,California,United States,94110,West
LD-17005,Lisa,DeCherney,New York City,New York,United States,10011,East
LH-17020,Lisa,Hazard,Columbus,Ohio,United States,43229,East
LR-17035,Lisa,Ryan,Santa Clara,California,United States,95051,West
LC-17050,Liz,Carlisle,Dallas,Texas,United States,75217,Central
LM-17065,Liz,MacKendrick,Auburn,New York,United States,13021,East
LP-17080,Liz,Pelletier,Seattle,Washington,United States,98103,West
LP-17095,Liz,Preis,Murray,Kentucky,United States,42071,South
LT-17110,Liz,Thompson,Orange,New Jersey,United States,7050,East
LW-17125,Liz,Willingham,Virginia Beach,Virginia,United States,23464,South
LC-17140,Logan,Currie,Philadelphia,Pennsylvania,United States,19140,East
LH-17155,Logan,Haushalter,Oakland,California,United States,94601,West
LO-17170,Lori,Olson,Peoria,Illinois,United States,61604,Central
LF-17185,Luke,Foster,Inglewood,California,United States,90301,West
LS-17200,Luke,Schmidt,Skokie,Illinois,United States,60076,Central
LW-17215,Luke,Weiss,Pasadena,California,United States,91104,West
LS-17230,Lycoris,Saunders,Los Angeles,California,United States,90049,West
LS-17245,Lynn,Smith,Jacksonville,North Carolina,United States,28540,South
MM-17260,Magdelene,Morse,Seattle,Washington,United States,98105,West
MC-17275,Marc,Crier,Camarillo,California,United States,93010,West
MH-17290,Marc,Harrigan,Los Angeles,California,United States,90036,West
MB-17305,Maria,Bertelson,Akron,Ohio,United States,44312,East
ME-17320,Maria,Etezadi,Springfield,Virginia,United States,22153,South
MZ-17335,Maria,Zettner,San Diego,California,United States,92024,West
MD-17350,Maribeth,Dona,Akron,Ohio,United States,44312,East
MS-17365,Maribeth,Schnelling,Chicago,Illinois,United States,60653,Central
MY-17380,Maribeth,Yedwab,Rancho Cucamonga,California,United States,91730,West
ML-17395,Marina,Lichtenstein,San Diego,California,United States,92105,West
ML-17410,Maris,LaWare,Chicago,Illinois,United States,60653,Central
MC-17425,Mark,Cousins,New York City,New York,United States,10035,East
MH-17440,Mark,Haberlin,Escondido,California,United States,92025,West
MH-17455,Mark,Hamilton,New York City,New York,United States,10011,East
MP-17470,Mark,Packer,Brownsville,Texas,United States,78521,Central
MV-17485,Mark,Van Huff,Arlington,Virginia,United States,22204,South
MO-17500,Mary,O'Rourke,Freeport,New York,United States,11520,East
MZ-17515,Mary,Zewe,Seattle,Washington,United States,98115,West
MS-17530,MaryBeth,Skach,Fairfield,Ohio,United States,45014,East
MR-17545,Mathew,Reese,New York City,New York,United States,10024,East
MA-17560,Matt,Abelman,Jackson,Michigan,United States,49201,Central
MC-17575,Matt,Collins,Fremont,Nebraska,United States,68025,Central
MC-17590,Matt,Collister,Perth Amboy,New Jersey,United States,8861,East
MC-17605,Matt,Connell,Jacksonville,North Carolina,United States,28540,South
MH-17620,Matt,Hagelstein,Houston,Texas,United States,77041,Central
MC-17635,Matthew,Clasen,Los Angeles,California,United States,90032,West
MG-17650,Matthew,Grinstein,Lakewood,Ohio,United States,44107,East
MF-17665,Maureen,Fritzler,Miami,Florida,United States,33180,South
MG-17680,Maureen,Gastineau,Philadelphia,Pennsylvania,United States,19143,East
MG-17695,Maureen,Gnade,Chicago,Illinois,United States,60610,Central
MS-17710,Maurice,Satty,Detroit,Michigan,United States,48205,Central
ME-17725,Max,Engle,Newark,Delaware,United States,19711,East
MJ-17740,Max,Jones,Seattle,Washington,United States,98115,West
ML-17755,Max,Ludwig,Chicago,Illinois,United States,60623,Central
MS-17770,Maxwell,Schwartz,Richmond,Virginia,United States,23223,South
MH-17785,Maya,Herman,New York City,New York,United States,10035,East
MO-17800,Meg,O'Connel,Los Angeles,California,United States,90036,West
MT-17815,Meg,Tillman,Jackson,Mississippi,United States,39212,South
MS-17830,Melanie,Seite,Rochester,New York,United States,14609,East
MC-17845,Michael,Chen,North Las Vegas,Nevada,United States,89031,West
MD-17860,Michael,Dominguez,Laurel,Maryland,United States,20707,East
MG-17875,Michael,Grace,Aurora,Illinois,United States,60505,Central
MG-17890,Michael,Granlund,Santa Barbara,California,United States,93101,West
MK-17905,Michael,Kennedy,Miami,Florida,United States,33180,South
MM-17920,Michael,Moore,New York City,New York,United States,10011,East
MN-17935,Michael,Nguyen,New York City,New York,United States,10009,East
MO-17950,Michael,Oakman,Dallas,Texas,United States,75220,Central
MP-17965,Michael,Paige,Troy,Ohio,United States,45373,East
MS-17980,Michael,Stewart,Dallas,Texas,United States,75220,Central
MA-17995,Michelle,Arnett,Cheyenne,Wyoming,United States,82001,West
ME-18010,Michelle,Ellison,Seattle,Washington,United States,98105,West
MH-18025,Michelle,Huthwaite,Lafayette,Louisiana,United States,70506,South
ML-18040,Michelle,Lonsdale,Missouri City,Texas,United States,77489,Central
MM-18055,Michelle,Moray,Chicago,Illinois,United States,60623,Central
MT-18070,Michelle,Tran,Tulsa,Oklahoma,United States,74133,Central
MB-18085,Mick,Brown,Los Angeles,California,United States,90049,West
MC-18100,Mick,Crebagga,Los Angeles,California,United States,90049,West
MH-18115,Mick,Hernandez,Jackson,Michigan,United States,49201,Central
MC-18130,Mike,Caudle,Newark,Delaware,United States,19711,East
MG-18145,Mike,Gockenbach,Philadelphia,Pennsylvania,United States,19134,East
MK-18160,Mike,Kennedy,Jacksonville,Florida,United States,32216,South
MP-18175,Mike,Pelletier,Springfield,Oregon,United States,97477,West
MV-18190,Mike,Vittorini,San Bernardino,California,United States,92404,West
MG-18205,Mitch,Gastineau,Jacksonville,Florida,United States,32216,South
MW-18220,Mitch,Webber,Seattle,Washington,United States,98103,West
MW-18235,Mitch,Willingham,Virginia Beach,Virginia,United States,23464,South
MF-18250,Monica,Federle,Philadelphia,Pennsylvania,United States,19120,East
ML-18265,Muhammed,Lee,Seattle,Washington,United States,98103,West
MM-18280,Muhammed,MacIntyre,Columbus,Georgia,United States,31907,South
MY-18295,Muhammed,Yedwab,El Cajon,California,United States,92020,West
NL-18310,Nancy,Lomonaco,San Francisco,California,United States,94110,West
NP-18325,Naresj,Patel,Oakland,California,United States,94601,West
NC-18340,Nat,Carroll,Fargo,North Dakota,United States,58103,Central
NG-18355,Nat,Gilpin,Coral Springs,Florida,United States,33065,South
ND-18370,Natalie,DeCherney,New York City,New York,United States,10035,East
NF-18385,Natalie,Fritzler,Newark,Ohio,United States,43055,East
NW-18400,Natalie,Webber,New York City,New York,United States,10024,East
NC-18415,Nathan,Cano,Fort Worth,Texas,United States,76106,Central
NG-18430,Nathan,Gelder,Los Angeles,California,United States,90008,West
NM-18445,Nathan,Mautz,Wichita,Kansas,United States,67212,Central
ND-18460,Neil,Ducich,Mount Vernon,New York,United States,10550,East
NF-18475,Neil,Französisch,Jacksonville,Florida,United States,32216,South
NK-18490,Neil,Knudson,Corpus Christi,Texas,United States,78415,Central
NS-18505,Neola,Schneider,San Jose,California,United States,95123,West
NM-18520,Neoma,Murray,New York City,New York,United States,10011,East
NC-18535,Nick,Crebassa,Dallas,Texas,United States,75217,Central
NR-18550,Nick,Radford,Amarillo,Texas,United States,79109,Central
NZ-18565,Nick,Zandusky,Los Angeles,California,United States,90032,West
NB-18580,Nicole,Brennan,Philadelphia,Pennsylvania,United States,19134,East
NF-18595,Nicole,Fjeld,Seattle,Washington,United States,98105,West
NH-18610,Nicole,Hansen,Pomona,California,United States,91767,West
NC-18625,Noah,Childs,Columbus,Indiana,United States,47201,Central
NS-18640,Noel,Staavos,Carlsbad,New Mexico,United States,88220,West
NB-18655,Nona,Balk,New York City,New York,United States,10011,East
NP-18670,Nora,Paige,Edmond,Oklahoma,United States,73034,Central
NP-18685,Nora,Pelletier,Niagara Falls,New York,United States,14304,East
NP-18700,Nora,Preis,Denver,Colorado,United States,80219,West
ON-18715,Odella,Nelson,Houston,Texas,United States,77095,Central
OT-18730,Olvera,Toch,Detroit,Michigan,United States,48234,Central
PC-18745,Pamela,Coakley,Westfield,New Jersey,United States,7090,East
PS-18760,Pamela,Stobb,Los Angeles,California,United States,90008,West
PN-18775,Parhena,Norris,New York City,New York,United States,10011,East
PH-18790,Patricia,Hirasaki,Lakeland,Florida,United States,33801,South
PB-18805,Patrick,Bzostek,San Francisco,California,United States,94122,West
PG-18820,Patrick,Gardner,Smyrna,Georgia,United States,30080,South
PJ-18835,Patrick,Jones,Dallas,Texas,United States,75217,Central
PO-18850,Patrick,O'Brill,Virginia Beach,Virginia,United States,23464,South
PO-18865,Patrick,O'Donnell,New York City,New York,United States,10009,East
PR-18880,Patrick,Ryan,Tampa,Florida,United States,33614,South
PG-18895,Paul,Gonzalez,Los Angeles,California,United States,90008,West
PK-18910,Paul,Knutson,Philadelphia,Pennsylvania,United States,19143,East
PL-18925,Paul,Lucas,Philadelphia,Pennsylvania,United States,19140,East
PM-18940,Paul,MacIntyre,Jackson,Michigan,United States,49201,Central
PP-18955,Paul,Prost,Holyoke,Massachusetts,United States,1040,East
PS-18970,Paul,Stevenson,Phoenix,Arizona,United States,85023,West
PV-18985,Paul,Van Hugh,Milwaukee,Wisconsin,United States,53209,Central
PC-19000,Pauline,Chand,Los Angeles,California,United States,90004,West
PJ-19015,Pauline,Johnson,Mobile,Alabama,United States,36608,South
PW-19030,Pauline,Webber,Richmond,Kentucky,United States,40475,South
PS-19045,Penelope,Sewall,Lewiston,Maine,United States,4240,East
PA-19060,Pete,Armstrong,Orland Park,Illinois,United States,60462,Central
PK-19075,Pete,Kriz,Columbus,Ohio,United States,43229,East
PT-19090,Pete,Takahito,San Antonio,Texas,United States,78207,Central
PB-19105,Peter,Bühler,Evanston,Illinois,United States,60201,Central
PF-19120,Peter,Fuller,New York City,New York,United States,10035,East
PM-19135,Peter,McVee,San Antonio,Texas,United States,78207,Central
PB-19150,Philip,Brown,Phoenix,Arizona,United States,85023,West
PF-19165,Philip,Fox,New York City,New York,United States,10035,East
PO-19180,Philisse,Overcash,Seattle,Washington,United States,98115,West
PO-19195,Phillina,Ober,New York City,New York,United States,10011,East
PB-19210,Phillip,Breyer,Philadelphia,Pennsylvania,United States,19134,East
PF-19225,Phillip,Flathmann,Atlanta,Georgia,United States,30318,South
PW-19240,Pierre,Wener,Columbia,Maryland,United States,21044,East
QJ-19255,Quincy,Jones,Springfield,Virginia,United States,22153,South
RP-19270,Rachel,Payne,Seattle,Washington,United States,98115,West
RA-19285,Ralph,Arnett,New York City,New York,United States,10035,East
RK-19300,Ralph,Kennedy,Philadelphia,Pennsylvania,United States,19140,East
RR-19315,Ralph,Ritter,Aurora,Illinois,United States,60505,Central
RB-19330,Randy,Bradley,Philadelphia,Pennsylvania,United States,19143,East
RF-19345,Randy,Ferguson,Marietta,Georgia,United States,30062,South
RB-19360,Raymond,Buch,Nashville,Tennessee,United States,37211,South
RM-19375,Raymond,Messe,Columbus,Georgia,United States,31907,South
RP-19390,Resi,Pölking,Cleveland,Ohio,United States,44105,East
RE-19405,Ricardo,Emerson,Kent,Ohio,United States,44240,East
RS-19420,Ricardo,Sperren,Los Angeles,California,United States,90036,West
RB-19435,Richard,Bierner,Los Angeles,California,United States,90004,West
RE-19450,Richard,Eichhorn,Dallas,Texas,United States,75081,Central
RB-19465,Rick,Bensley,Seattle,Washington,United States,98103,West
RD-19480,Rick,Duston,Las Vegas,Nevada,United States,89115,West
RH-19495,Rick,Hansen,New York City,New York,United States,10024,East
RH-19510,Rick,Huthwaite,Manhattan,Kansas,United States,66502,Central
RR-19525,Rick,Reed,Lowell,Massachusetts,United States,1852,East
RW-19540,Rick,Wilson,Mesa,Arizona,United States,85204,West
RH-19555,Ritsa,Hightower,Charlotte,North Carolina,United States,28205,South
RB-19570,Rob,Beeghly,Jacksonville,North Carolina,United States,28540,South
RD-19585,Rob,Dowd,Los Angeles,California,United States,90004,West
RH-19600,Rob,Haberlin,Huntsville,Alabama,United States,35810,South
RL-19615,Rob,Lucas,Fayetteville,North Carolina,United States,28314,South
RW-19630,Rob,Williams,Seattle,Washington,United States,98105,West
RB-19645,Robert,Barroso,Memphis,Tennessee,United States,38109,South
RD-19660,Robert,Dilbeck,Philadelphia,Pennsylvania,United States,19134,East
RM-19675,Robert,Marley,Cambridge,Massachusetts,United States,2138,East
RW-19690,Robert,Waldorf,Wilmington,North Carolina,United States,28403,South
RB-19705,Roger,Barcio,New York City,New York,United States,10035,East
RD-19720,Roger,Demir,Seattle,Washington,United States,98105,West
RF-19735,Roland,Fjeld,Trenton,Michigan,United States,48183,Central
RM-19750,Roland,Murray,New York City,New York,United States,10011,East
RS-19765,Roland,Schwarz,Summerville,South Carolina,United States,29483,South
RO-19780,Rose,O'Brian,Clarksville,Tennessee,United States,37042,South
RB-19795,Ross,Baird,Midland,Michigan,United States,48640,Central
RD-19810,Ross,DeVincentis,Houston,Texas,United States,77070,Central
RC-19825,Roy,Collins,Pasadena,California,United States,91104,West
RF-19840,Roy,Französisch,Pasadena,California,United States,91104,West
RP-19855,Roy,Phan,Kenosha,Wisconsin,United States,53142,Central
RS-19870,Roy,Skaria,Burlington,Iowa,United States,52601,Central
RA-19885,Ruben,Ausman,Decatur,Alabama,United States,35601,South
RD-19900,Ruben,Dartt,San Diego,California,United States,92037,West
RA-19915,Russell,Applegate,Houston,Texas,United States,77095,Central
RD-19930,Russell,D'Ascenzo,Chicago,Illinois,United States,60623,Central
RA-19945,Ryan,Akin,Commerce City,Colorado,United States,80022,West
RC-19960,Ryan,Crowe,Springfield,Oregon,United States,97477,West
SH-19975,Sally,Hughsby,Caldwell,Idaho,United States,83605,West
SK-19990,Sally,Knutson,New York City,New York,United States,10024,East
SM-20005,Sally,Matthias,Scottsdale,Arizona,United States,85254,West
SC-20020,Sam,Craven,Plano,Texas,United States,75023,Central
SZ-20035,Sam,Zeldin,Grand Prairie,Texas,United States,75051,Central
SC-20050,Sample,Company A,Arlington,Texas,United States,76017,Central
SF-20065,Sandra,Flanagan,Philadelphia,Pennsylvania,United States,19140,East
SG-20080,Sandra,Glassco,Redlands,California,United States,92374,West
SC-20095,Sanjit,Chand,Quincy,Massachusetts,United States,2169,East
SE-20110,Sanjit,Engle,Springfield,Oregon,United States,97477,West
SJ-20125,Sanjit,Jacobs,Houston,Texas,United States,77036,Central
SS-20140,Saphhira,Shifley,Los Angeles,California,United States,90036,West
SL-20155,Sara,Luxemburg,Jacksonville,Florida,United States,32216,South
SB-20170,Sarah,Bern,Los Angeles,California,United States,90032,West
SB-20185,Sarah,Brown,Evanston,Illinois,United States,60201,Central
SF-20200,Sarah,Foster,Philadelphia,Pennsylvania,United States,19143,East
SJ-20215,Sarah,Jordon,Grand Prairie,Texas,United States,75051,Central
SC-20230,Scot,Coram,Seattle,Washington,United States,98105,West
SW-20245,Scot,Wooten,Los Angeles,California,United States,90036,West
SC-20260,Scott,Cohen,San Francisco,California,United States,94122,West
SW-20275,Scott,Williamson,New York City,New York,United States,10035,East
SB-20290,Sean,Braxton,Houston,Texas,United States,77036,Central
SC-20305,Sean,Christensen,San Jose,California,United States,95123,West
SM-20320,Sean,Miller,Allentown,Pennsylvania,United States,18103,East
SO-20335,Sean,O'Donnell,Columbia,Tennessee,United States,38401,South
SW-20350,Sean,Wendt,Omaha,Nebraska,United States,68104,Central
SV-20365,Seth,Vernon,Philadelphia,Pennsylvania,United States,19134,East
SC-20380,Shahid,Collister,Seattle,Washington,United States,98115,West
SH-20395,Shahid,Hopkins,Arlington,Virginia,United States,22204,South
SS-20410,Shahid,Shariari,Philadelphia,Pennsylvania,United States,19120,East
SR-20425,Sharelle,Roach,Detroit,Michigan,United States,48234,Central
SC-20440,Shaun,Chance,Lancaster,Pennsylvania,United States,17602,East
SW-20455,Shaun,Weien,San Francisco,California,United States,94109,West
SG-20470,Sheri,Gordon,New York City,New York,United States,10011,East
SD-20485,Shirley,Daniels,New Rochelle,New York,United States,10801,East
SJ-20500,Shirley,Jackson,San Francisco,California,United States,94122,West
SS-20515,Shirley,Schmidt,Louisville,Kentucky,United States,40214,South
ST-20530,Shui,Tom,Philadelphia,Pennsylvania,United States,19140,East
SP-20545,Sibella,Parks,Green Bay,Wisconsin,United States,54302,Central
SN-20560,Skye,Norling,Chicago,Illinois,United States,60653,Central
SC-20575,Sonia,Cooley,Chicago,Illinois,United States,60653,Central
SS-20590,Sonia,Sunley,Seattle,Washington,United States,98115,West
SG-20605,Speros,Goranitis,New York City,New York,United States,10009,East
SP-20620,Stefania,Perrino,Long Beach,New York,United States,11561,East
SH-20635,Stefanie,Holloman,Jackson,Tennessee,United States,38301,South
SP-20650,Stephanie,Phelps,Chicago,Illinois,United States,60623,Central
SU-20665,Stephanie,Ulpright,Jackson,Mississippi,United States,39212,South
SC-20680,Steve,Carroll,San Francisco,California,United States,94110,West
SC-20695,Steve,Chapman,La Crosse,Wisconsin,United States,54601,Central
SN-20710,Steve,Nguyen,Rockford,Illinois,United States,61107,Central
SC-20725,Steven,Cartwright,Peoria,Arizona,United States,85345,West
SR-20740,Steven,Roelle,New York City,New York,United States,10024,East
SW-20755,Steven,Ward,Seattle,Washington,United States,98115,West
SC-20770,Stewart,Carmichael,Dallas,Texas,United States,75081,Central
SV-20785,Stewart,Visinsky,Pueblo,Colorado,United States,81001,West
SC-20800,Stuart,Calhoun,Jackson,Mississippi,United States,39212,South
SV-20815,Stuart,Van,Orem,Utah,United States,84057,West
SA-20830,Sue,Ann Reed,Redmond,Oregon,United States,97756,West
SC-20845,Sung,Chung,Arlington Heights,Illinois,United States,60004,Central
SP-20860,Sung,Pak,Jacksonville,Florida,United States,32216,South
SS-20875,Sung,Shariari,Redmond,Washington,United States,98052,West
SG-20890,Susan,Gilcrest,Amarillo,Texas,United States,79109,Central
SM-20905,Susan,MacKendrick,Newark,Ohio,United States,43055,East
SP-20920,Susan,Pistek,San Francisco,California,United States,94109,West
SV-20935,Susan,Vittorini,Columbus,Ohio,United States,43229,East
SM-20950,Suzanne,McNair,Broomfield,Colorado,United States,80020,West
SF-20965,Sylvia,Foulston,Dearborn,Michigan,United States,48126,Central
TC-20980,Tamara,Chand,Decatur,Alabama,United States,35601,South
TD-20995,Tamara,Dahlen,New York City,New York,United States,10011,East
TM-21010,Tamara,Manning,Jackson,Mississippi,United States,39212,South
TW-21025,Tamara,Willingham,New York City,New York,United States,10011,East
TN-21040,Tanja,Norvell,Manteca,California,United States,95336,West
TB-21055,Ted,Butterfield,Troy,New York,United States,12180,East
TT-21070,Ted,Trevino,Philadelphia,Pennsylvania,United States,19120,East
TS-21085,Thais,Sissman,Phoenix,Arizona,United States,85023,West
TH-21100,Thea,Hendricks,Glendale,Arizona,United States,85301,West
TH-21115,Thea,Hudgings,Philadelphia,Pennsylvania,United States,19140,East
TP-21130,Theone,Pippenger,Naperville,Illinois,United States,60540,Central
TC-21145,Theresa,Coyne,Lakewood,New Jersey,United States,8701,East
TS-21160,Theresa,Swint,York,Pennsylvania,United States,17403,East
TB-21175,Thomas,Boland,New York City,New York,United States,10035,East
TB-21190,Thomas,Brumley,Riverside,California,United States,92503,West
TS-21205,Thomas,Seio,Hackensack,New Jersey,United States,7601,East
TT-21220,Thomas,Thornton,Dover,Delaware,United States,19901,East
TH-21235,Tiffany,House,Yuma,Arizona,United States,85364,West
TB-21250,Tim,Brockman,Los Angeles,California,United States,90049,West
TT-21265,Tim,Taslimi,Indianapolis,Indiana,United States,46203,Central
TB-21280,Toby,Braunhardt,Phoenix,Arizona,United States,85023,West
TC-21295,Toby,Carlisle,Westminster,California,United States,92683,West
TG-21310,Toby,Gnade,New York City,New York,United States,10035,East
TR-21325,Toby,Ritter,San Francisco,California,United States,94122,West
TS-21340,Toby,Swindell,Los Angeles,California,United States,90036,West
TB-21355,Todd,Boyes,Sandy Springs,Georgia,United States,30328,South
TS-21370,Todd,Sumrall,New York City,New York,United States,10035,East
TA-21385,Tom,Ashbrook,Olathe,Kansas,United States,66062,Central
TB-21400,Tom,Boeckenhauer,Seattle,Washington,United States,98105,West
TP-21415,Tom,Prescott,Dallas,Texas,United States,75081,Central
TS-21430,Tom,Stivers,Seattle,Washington,United States,98103,West
TT-21460,Tonja,Turnell,Fort Worth,Texas,United States,76106,Central
TC-21475,Tony,Chapman,Danville,Illinois,United States,61832,Central
TM-21490,Tony,Molinari,San Francisco,California,United States,94110,West
TS-21505,Tony,Sayre,Concord,New Hampshire,United States,3301,East
TB-21520,Tracy,Blumstein,Fairfield,Ohio,United States,45014,East
TC-21535,Tracy,Collins,San Francisco,California,United States,94110,West
TH-21550,Tracy,Hopkins,Columbia,Maryland,United States,21044,East
TP-21565,Tracy,Poddar,Coppell,Texas,United States,75019,Central
TZ-21580,Tracy,Zic,San Francisco,California,United States,94122,West
TB-21595,Troy,Blackwell,Columbus,Indiana,United States,47201,Central
TS-21610,Troy,Staebel,San Francisco,California,United States,94122,West
TB-21625,Trudy,Brown,Grand Prairie,Texas,United States,75051,Central
TG-21640,Trudy,Glocke,Pocatello,Idaho,United States,83201,West
TS-21655,Trudy,Schmidt,El Paso,Texas,United States,79907,Central
VD-21670,Valerie,Dominguez,Houston,Texas,United States,77070,Central
VM-21685,Valerie,Mitchum,Westfield,New Jersey,United States,7090,East
VT-21700,Valerie,Takahito,Houston,Texas,United States,77070,Central
VF-21715,Vicky,Freymann,Los Angeles,California,United States,90045,West
VP-21730,Victor,Preis,Las Vegas,Nevada,United States,89115,West
VB-21745,Victoria,Brennan,Lincoln Park,Michigan,United States,48146,Central
VP-21760,Victoria,Pisteka,San Francisco,California,United States,94109,West
VW-21775,Victoria,Wilson,Sioux Falls,South Dakota,United States,57103,Central
VG-21790,Vivek,Gonzalez,San Diego,California,United States,92037,West
VG-21805,Vivek,Grady,Philadelphia,Pennsylvania,United States,19140,East
VS-21820,Vivek,Sundaresam,Huntsville,Texas,United States,77340,Central
VM-21835,Vivian,Mathis,Newark,Delaware,United States,19711,East
WB-21850,William,Brown,Philadelphia,Pennsylvania,United States,19143,East
XP-21865,Xylona,Preis,Chicago,Illinois,United States,60610,Central
YS-21880,Yana,Sorensen,Newark,Delaware,United States,19711,East
YC-21895,Yoseph,Carroll,San Francisco,California,United States,94110,West
ZC-21910,Zuschuss,Carroll,New York City,New York,United States,10024,East
ZD-21925,Zuschuss,Donatelli,Jacksonville,Florida,United States,32216,South
